id,name,email,password,accountType
1,Yamada Ichiro,ichiro.yamada@example.com,ad16026ac77ee033fa6bd5b036cf1743847d49658d130ddf9ac104809ac09de2,Public
2,Sato Misaki,misaki.sato@example.com,7f07d2fc07e60f813f10c418c82b3ddd984c1ab725e9a050038f57f798e2428f,Public
3,Tanaka Takashi,takashi.tanaka@example.com,696ad876bc8e3afc1384e255d62aefb3b5dec9d5e5ffcc1f651447001c5f2c90,Public
4,Ito Kaori,kaori.ito@example.com,50d905bd3f43973d578803d382b53e3b3f0e6ef3538c02cf9479c6527c51d0f3,Public
5,Watanabe Kenta,kenta.watanabe@example.com,d0d48697804d60a257947c1a9802df5f6be700768ff105a1311e9225b382cf75,Private
6,Nakamura Yumiko,yumiko.nakamura@example.com,b4928f43e11a46bb02d928178dad321e4c1cffc72c09447ad2e8a5174039b30f,Private
7,Kobayashi Taro,taro.kobayashi@example.com,b09faab28fb86873abb05b152be1eb6113160fd5e20e063c2da00d0f5f83d4a4,Public
8,Kato Sayaka,sayaka.kato@example.com,78b6e15b48f170879cf46e455ffc72916bf843de3a80ec4c6757c42c96278354,Public
9,Kimura Tsuyoshi,tsuyoshi.kimura@example.com,57ba4e1df1851e417a56de30fd0d96d609eaa58e068c153156c57cc11308f299,Public
10,Sasaki Misato,misato.sasaki@example.com,f9e3ded9f6001b5d120f7ce48b6bac5cecd449a70deb9294fa594c7e109cb392,Private
11,Amemiya Kanon,kanon@test.com,c9818266ed9791a01ac65a2d97df14961bba3a130c3f6412e57dabd859cae26e,Public
